Actor,Image URL,Image height,Image width
Dustin Hoffman,https://image.tmdb.org/t/p/original/yFjTzJHE6AFbwQifOlnNDzmiwlq.jpg,900,600
Edward Norton,https://image.tmdb.org/t/p/original/5XBzD5WuTyVQZeS4VI25z2moMeY.jpg,771,514
David Krumholtz,https://image.tmdb.org/t/p/original/6M2kk44Z1DyUhuVGyy2UDbCKZuM.jpg,1680,1120
Matthew Broderick,https://image.tmdb.org/t/p/original/papqFgpyroZJEqd7WvuNGN8ti2k.jpg,900,600
Ronny Cox,https://image.tmdb.org/t/p/original/cKkVkqft2RacSDhsKxO8nMFgeAd.jpg,2000,1334
Peter Weller,https://image.tmdb.org/t/p/original/mVRJX38zabRadVPJe0XOTObVzhp.jpg,719,480
Russell Crowe,https://image.tmdb.org/t/p/original/fbzD4utSGJlsV8XbYMLoMdEZ1Fc.jpg,1000,666
Nick Chinlund,https://image.tmdb.org/t/p/original/lRmgWDIXqBTneGbKlJNSFyiis1e.jpg,1024,683
Tom Hollander,https://image.tmdb.org/t/p/original/cqZiJsImFZ6TaeShRRg49AZ9TyT.jpg,2000,1333
Johnny Depp,https://image.tmdb.org/t/p/original/wcI594cwM4ArPwvRd2IU0Z0yLuh.jpg,1920,1280
Jack Davenport,https://image.tmdb.org/t/p/original/shGH0YWJBfiJznidS0f2ZfN056c.jpg,1101,734
Brian Blessed,https://image.tmdb.org/t/p/original/3mLIr94V5IOA5ndY6GyqKKcyrX6.jpg,2046,1364
Javier Bardem,https://image.tmdb.org/t/p/original/IShnFg6ijWhpbu29dFBd9PtqQg.jpg,539,359
Chris Bauer,https://image.tmdb.org/t/p/original/1AjdNxbVmy6azlOxIfnCX5OruEA.jpg,1500,1000
James Marsden,https://image.tmdb.org/t/p/original/lf7OnfKZnMgNh9b98764tqSocGK.jpg,600,400
Takashi Matsuyama,https://image.tmdb.org/t/p/original/8s8gvsacz3Vbje6fFe6fGObfVNV.jpg,1059,710
Hayden Christensen,https://image.tmdb.org/t/p/original/RuwAecNK9VDeTrfw6LUE4q4rIt.jpg,1000,667
Tom Hiddleston,https://image.tmdb.org/t/p/original/mclHxMm8aPlCPKptP67257F5GPo.jpg,2828,1885
Wayne Morris,https://image.tmdb.org/t/p/original/2HFQHQrPdlr8eRca5x9BAfeQnjc.jpg,2098,1399
Cameron Diaz,https://image.tmdb.org/t/p/original/d4f4cQ9EiYuvNMjT1IB2h06KoRx.jpg,1500,1000
Ashley Tisdale,https://image.tmdb.org/t/p/original/znzE8om6N3H9wJQ5AUTMxPOnA3s.jpg,548,365
Martin Sheen,https://image.tmdb.org/t/p/original/5W4OuI6evOYyPc3pUnKAEnpLtX3.jpg,1500,1000
Ryan Gosling,https://image.tmdb.org/t/p/original/lyUyVARQKhGxaxy0FbPJCQRpiaW.jpg,874,583
Chia Hui Liu,https://image.tmdb.org/t/p/original/hLLDmQbIi8EO0hsBbgLAswqaOrq.jpg,864,576
Jean Hagen,https://image.tmdb.org/t/p/original/uUnhlVfuVVoXH8zPBAAQJn446W3.jpg,911,608
John Lynch,https://image.tmdb.org/t/p/original/4TG8HYZ5SEFh1Yk5CCG4fXD55j9.jpg,2048,1375
William Zabka,https://image.tmdb.org/t/p/original/AoTxNif6Kv5KtIk3YdfQUxLrLeR.jpg,680,453
Pat Morita,https://image.tmdb.org/t/p/original/urxkD8FV5ajhjiFTyVQlbECGyRI.jpg,1500,1000
Emilio Estevez,https://image.tmdb.org/t/p/original/6TNIik0wBLo8DTvmJNDkKDqKWme.jpg,958,639
William Petersen,https://image.tmdb.org/t/p/original/844k8tbN8mr5Nk69Ge2yzFR4k9r.jpg,992,662
Sean Astin,https://image.tmdb.org/t/p/original/5oJzy6Ra0tuMEV7mfxjtqye5qUX.jpg,1500,1000
Kevin Costner,https://image.tmdb.org/t/p/original/608blZipRDZkDpzp8VItB64qMaT.jpg,1019,679
David Carradine,https://image.tmdb.org/t/p/original/u6C8DVrC9QgQEovlWLIBob8gvgZ.jpg,583,389
John Cusack,https://image.tmdb.org/t/p/original/kp65dfHsLDGy33uJoTk3DNm4s79.jpg,2100,1400
Rowan Atkinson,https://image.tmdb.org/t/p/original/wxTgS4SFanVKbnvu9xqOzNJWJwz.jpg,1928,1285
Cary Grant,https://image.tmdb.org/t/p/original/oF5Vj64OEEDAy7DzpBP0W8fSwC6.jpg,2700,1800
Mira Sorvino,https://image.tmdb.org/t/p/original/11raFiNo7QfisH44v3NIfpVvIz5.jpg,1157,770
Lisa Kudrow,https://image.tmdb.org/t/p/original/9YNzHuT7L0wdEl3zua6iUYz5tYT.jpg,1096,731
Mickey Rourke,https://image.tmdb.org/t/p/original/i6vXukUwRsJa7S9yhZgoKt9xLDv.jpg,2868,1912
Roger Allam,https://image.tmdb.org/t/p/original/hrtVjATnltwatFCOjhtCZTnN2hW.jpg,1200,800
Jeff Daniels,https://image.tmdb.org/t/p/original/r0mkZJZnTSJO3HJRsMW5HtszxE8.jpg,899,600
Walter Matthau,https://image.tmdb.org/t/p/original/oAMxqfGR0C5Ru5vER9Y4OP6P0xR.jpg,1500,1000
Jeff Bridges,https://image.tmdb.org/t/p/original/6DscLKlL3mCWIJN2RtPgnQJjPms.jpg,1125,750
Jon Heder,https://image.tmdb.org/t/p/original/xGLRJEKKmNsDpz6MefPMU4gqQj1.jpg,1440,960
Maggie Gyllenhaal,https://image.tmdb.org/t/p/original/qxgM5LzzG4uWTprCL3gBVVJ2Q1K.jpg,1650,1100
Diane Lane,https://image.tmdb.org/t/p/original/o9pPS52JrleScO4Qq6q1nYlaxWz.jpg,3000,2000
Michael Douglas,https://image.tmdb.org/t/p/original/kVYGPIZowzXLEQfAGUNOqKjAbBb.jpg,601,400
Jonathan Winters,https://image.tmdb.org/t/p/original/c2pp7XSUBTbUyptlDjaEhoyz9QX.jpg,1000,666
James Spader,https://image.tmdb.org/t/p/original/uET0mbf2bMkUXbRb1Oxi8Qjqcw3.jpg,3000,2000
Russell Brand,https://image.tmdb.org/t/p/original/AzRt43rdeK5nH7w6uWyyVwYla0.jpg,1036,690
Hugo Weaving,https://image.tmdb.org/t/p/original/lSC8Et0PYi5zeQb3IpPkFje7hgR.jpg,900,600
Ivan Sergei,https://image.tmdb.org/t/p/original/wCTtbo5j7iXEdceG7u5JVm4swpg.jpg,2444,1628
Danny Huston,https://image.tmdb.org/t/p/original/iiVgafHitV0IbJYbaSNtHcWHF7P.jpg,519,346
Oscar Isaac,https://image.tmdb.org/t/p/original/dW5U5yrIIPmMjRThR9KT2xH6nTz.jpg,1144,763
John Lithgow,https://image.tmdb.org/t/p/original/8Y1sjBdnVR483S8PrnAQzlESwhx.jpg,1314,876
Christian Bale,https://image.tmdb.org/t/p/original/AcfW3p5D6ov573fABLyGqwYdolD.jpg,3000,2000
John Larch,https://image.tmdb.org/t/p/original/toed6dnkBQGYOg3e5uk4inCVdLN.jpg,1361,907
Adam Sandler,https://image.tmdb.org/t/p/original/13AaphwcxenuuWzEx1tAzyg8pA7.jpg,3000,2000
Glenn Ford,https://image.tmdb.org/t/p/original/d6Vk69m5NAgMSgo4LmDm748wwm7.jpg,1650,1100
John Wayne,https://image.tmdb.org/t/p/original/ggHZ8WTKaoD9bGRhmC1FlV9sXwL.jpg,3000,2000
Jeremy Davies,https://image.tmdb.org/t/p/original/tNtcpQnMxzl0OqVDsyA63oAgPbI.jpg,1703,1135
Zack Ward,https://image.tmdb.org/t/p/original/mLZEzvl0vtGtcvCxanyI7ZGSUtk.jpg,2000,1334
Martin Short,https://image.tmdb.org/t/p/original/vWoZIOk7K8TSKu1IN90akswsWjZ.jpg,1080,720
Robert De Niro,https://image.tmdb.org/t/p/original/7v2srE6gWIFPeazyDAw1hAbcuWW.jpg,1790,1193
Paige O'Hara,https://image.tmdb.org/t/p/original/g61DJhK2rUOJJ2Rk4Kw0svUPWRh.jpg,1050,700
Tony Leung Chiu Wai,https://image.tmdb.org/t/p/original/ybe5FGhJShc6qJqA0vsxfLkFXgY.jpg,686,457
Jet Li,https://image.tmdb.org/t/p/original/c4s8INzU0ZAujCQ1YmphCmcsNzl.jpg,3000,2000
Woody Harrelson,https://image.tmdb.org/t/p/original/igxYDQBbTEdAqaJxaW6ffqswmUU.jpg,777,518
Denzel Washington,https://image.tmdb.org/t/p/original/jj2Gcobpopokal0YstuCQW0ldJ4.jpg,3000,2000
Trevor Thomas,-,Nan,Nan
Josh Peck,https://image.tmdb.org/t/p/original/qoapD8slSdb550o1JEoepv1SvT0.jpg,1440,960
Jim Carrey,https://image.tmdb.org/t/p/original/u0AqTz6Y7GHPCHINS01P7gPvDSb.jpg,2220,1480
Jean Harlow,https://image.tmdb.org/t/p/original/b24q0sPGmSvZFIvz1mbCzWu11sq.jpg,2727,1818
Sabu Dastagir,https://image.tmdb.org/t/p/original/4tBtK9Hi4Plns5AP7sjixaWJZat.jpg,450,300
Clint Eastwood,https://image.tmdb.org/t/p/original/dU35NnjZ4aGw5abIJe3WXVf3Eey.jpg,1922,1280
Simon Pegg,https://image.tmdb.org/t/p/original/6ftW0kUeYno1kYfuwSTBILOtxjj.jpg,1080,720
Viggo Mortensen,https://image.tmdb.org/t/p/original/vH5gVSpHAMhDaFWfh0Q7BG61O1y.jpg,1356,904
Kevin J. O'Connor,https://image.tmdb.org/t/p/original/1q5MnllB6jbwCgMaGistJ917RQL.jpg,1093,729
Rachel Weisz,https://image.tmdb.org/t/p/original/4iLJKWmXkFMOcGfT6lXL7qmsyyc.jpg,1000,667
Harvey Keitel,https://image.tmdb.org/t/p/original/7P30hza1neYWW3r7rSQOC736K2Z.jpg,1080,720
Rachel Hurd-Wood,https://image.tmdb.org/t/p/original/9OMWHFdFAk45dF00BgZR4BcjANI.jpg,1868,1245
Harrison Ford,https://image.tmdb.org/t/p/original/zVnHagUvXkR2StdOtquEwsiwSVt.jpg,838,559
Bill Paxton,https://image.tmdb.org/t/p/original/aLdNe6mt1cSi2zWlUYRregzfis5.jpg,1218,812
Stephen Lang,https://image.tmdb.org/t/p/original/xEBuFWrCKDQD6r6CZK71GYIc4UW.jpg,1600,1066
Owen Wilson,https://image.tmdb.org/t/p/original/ntN3DL1Us5G2PCvlfq112vLXRKa.jpg,774,516
Kevin Kline,https://image.tmdb.org/t/p/original/nbxtPbVNA6CjCXMOf5oqipiZFsW.jpg,1107,738
Kal Penn,https://image.tmdb.org/t/p/original/yICM1JcxKbEpaqTUreY0yFMIc8W.jpg,1500,1000
John Cho,https://image.tmdb.org/t/p/original/4Lar4uy8gk78cEocq6ERPRFWt3e.jpg,2777,1851
Ralph Fiennes,https://image.tmdb.org/t/p/original/tJr9GcmGNHhLVVEH3i7QYbj6hBi.jpg,866,576
Dolph Lundgren,https://image.tmdb.org/t/p/original/fisJpm05tw6GCJ4v62TKBCoWuZM.jpg,3000,2000
John Malkovich,https://image.tmdb.org/t/p/original/5coH0AExljEnbseCXKL4CDOVQj8.jpg,1789,1193
Jeremy Irons,https://image.tmdb.org/t/p/original/w8Ct1q02Ht3sWdOSqfp3B85TzT.jpg,707,471
Eric Christian Olsen,https://image.tmdb.org/t/p/original/v6r77LimgA49VxsRjKVFUYeVVRi.jpg,450,300
Jude Law,https://image.tmdb.org/t/p/original/A6Y0m7qEe04ZTHKyYDLbnyCHNzn.jpg,1260,840
Tom Hanks,https://image.tmdb.org/t/p/original/xndWFsBlClOJFRdhSt4NBwiPq2o.jpg,1311,874
Dan O'Herlihy,https://image.tmdb.org/t/p/original/vhZodGF9IiHdpbU78ShpyCgBr3X.jpg,450,300
Tim Roth,https://image.tmdb.org/t/p/original/qSizF2i9gz6c6DbAC5RoIq8sVqX.jpg,2100,1400
Ken Watanabe,https://image.tmdb.org/t/p/original/w2t30L5Cmr34myAaUobLoSgsLfS.jpg,900,600
Michelle Pfeiffer,https://image.tmdb.org/t/p/original/rEEl2e0fyEehvKnSHV79i61JjMc.jpg,900,600
Heather Langenkamp,https://image.tmdb.org/t/p/original/eqsaCuWAKbWJORS84dqpXzmg8b0.jpg,720,480
Will Arnett,https://image.tmdb.org/t/p/original/cXupYqk2ERP13XBkw816skYdVDO.jpg,450,300
Christopher Walken,https://image.tmdb.org/t/p/original/ApgDL7nudR9T2GpjCG4vESgymO2.jpg,1135,756
Al Pacino,https://image.tmdb.org/t/p/original/fMDFeVf0pjopTJbyRSLFwNDm8Wr.jpg,724,483
Jack Nicholson,https://image.tmdb.org/t/p/original/6h12pZsgj3WWjMtykUgfLkLEBWz.jpg,1345,897
John Huston,https://image.tmdb.org/t/p/original/rAqKERlZvXBiKV0tONGg5huwuJl.jpg,1127,751
Tom Selleck,https://image.tmdb.org/t/p/original/uhrK7HBzIVPFTNgp08KHuihadMS.jpg,1260,840
Nicole Kidman,https://image.tmdb.org/t/p/original/n1xlczx1w44DqUkJvJtAGJf9fyx.jpg,2713,1809
Daniel Gillies,https://image.tmdb.org/t/p/original/zasTOfb8TNyVGwRfb4jNdHnsZ2m.jpg,3000,2000
Henry Fonda,https://image.tmdb.org/t/p/original/zrxeBUsktTkfG8w9Jg2fRMrIADP.jpg,1200,800
Charles Bronson,https://image.tmdb.org/t/p/original/w0C2Xa6PCQX83Iu2TxPjOCv8ufm.jpg,1050,700
Brandon Lee,https://image.tmdb.org/t/p/original/1PV3h6KP0AzeqFCZjb3qxkpfoGE.jpg,2604,1735
Jake Gyllenhaal,https://image.tmdb.org/t/p/original/rJdYHYNhlcOBwbPvDZVvt1xw7bi.jpg,2587,1725
Daryl Hannah,https://image.tmdb.org/t/p/original/4LLmp6AQdlj6ueGCRbVRSGvvFSt.jpg,1104,736
Jeffrey Jones,https://image.tmdb.org/t/p/original/zLodpqWUb9OzQLpK1ZY9im1Lh0p.jpg,1080,720
Milo Ventimiglia,https://image.tmdb.org/t/p/original/9yFPsQCYi9sbPQ0xJGtoAF4Ar6v.jpg,2100,1400
Crispin Glover,https://image.tmdb.org/t/p/original/imBnLpSXvg61qDDdEfvL6R4ITKt.jpg,1035,690
Thomas F. Wilson,https://image.tmdb.org/t/p/original/mVhm65ZVBIRIptWGiMIvoUy0Khi.jpg,1440,960
Ronald Lacey,https://image.tmdb.org/t/p/original/wrFU5EkxKIq0TpEBuKXzcRAld73.jpg,1440,960
Hugh Jackman,https://image.tmdb.org/t/p/original/4Xujtewxqt6aU0Y81tsS9gkjizk.jpg,1500,1000
"Randall ""Tex"" Cobb",https://image.tmdb.org/t/p/original/xBUdVeioNCwWBTzO618GSAtnWJg.jpg,500,333
Morgan Freeman,https://image.tmdb.org/t/p/original/jPsLqiYGSofU4s6BjrxnefMfabb.jpg,2700,1800
Luke Goss,https://image.tmdb.org/t/p/original/umjHJpsrNxxDqUxGyvLAaR1oub0.jpg,750,500
Daniel Day-Lewis,https://image.tmdb.org/t/p/original/3kNA9VcmymoEwT0btQ4bvMYxzcP.jpg,1200,800
Rex Harrison,https://image.tmdb.org/t/p/original/fAaioU2CR1n3TsnFAY002YHpT7c.jpg,1205,803
Paul Reiser,https://image.tmdb.org/t/p/original/rGryzG00uSk8LsidacSBXVgo3iv.jpg,450,300
Tom Waits,https://image.tmdb.org/t/p/original/uxDkURjzHnaglIH2YRWUMJjoDx.jpg,1440,960
Zac Efron,https://image.tmdb.org/t/p/original/6oXNHv7gAyXXYFpF943pKRsTtqQ.jpg,890,594
Jason Mewes,https://image.tmdb.org/t/p/original/pZAmLSlIUhRUGrztm5i2AuNQV2o.jpg,1200,800
Marilyn Monroe,https://image.tmdb.org/t/p/original/6UmSYSgAVpL2Q4ya2rHXpglxZbw.jpg,2400,1600
Alex Winter,https://image.tmdb.org/t/p/original/sigaiLM3OtOKXaXNoIqUoZjuE6f.jpg,3000,2000
Keanu Reeves,https://image.tmdb.org/t/p/original/4D0PpNI0kmP58hgrwGC3wCjxhnm.jpg,2880,1920
Justin Bartha,https://image.tmdb.org/t/p/original/AalKjN8nR8RZ8g6ZdWV2smnQq4d.jpg,3000,2000
Carl Weathers,https://image.tmdb.org/t/p/original/9Tot1ywxTQA3vFCcAjyK6h9Dao3.jpg,900,600
Günter Lamprecht,https://image.tmdb.org/t/p/original/mQO1g8rpR9QtJfjirhAMbDqOdOz.jpg,900,600
Desi Lydic,https://image.tmdb.org/t/p/original/7Q2GJgsu6P4S0EIHxANpE4mW148.jpg,2100,1400
Anne Hathaway,https://image.tmdb.org/t/p/original/tLelKoPNiyJCSEtQTz1FGv4TLGc.jpg,1551,1033
Neve Campbell,https://image.tmdb.org/t/p/original/9fDbXBbrM6L10YrzDJUJowDt8U.jpg,597,398
Anna Faris,https://image.tmdb.org/t/p/original/y3YKNr4qPPJZ9w4lR2a3yySKotd.jpg,1074,716
Angus Macfadyen,https://image.tmdb.org/t/p/original/yUuA7U3lw6yM0Eb6mD83qYeevH2.jpg,3000,2000
Benicio del Toro,https://image.tmdb.org/t/p/original/cVh4UgCMu6aAkZ2BqymTLV86FzZ.jpg,1800,1200
Lee Byung-Hun,https://image.tmdb.org/t/p/original/pY4pwYO8qwtzvuzpzRczDACDiVA.jpg,1170,780
David Murray,https://image.tmdb.org/t/p/original/xjns7i38YxYPUga6KMCxkxOsBFy.jpg,800,534
Jesse Eisenberg,https://image.tmdb.org/t/p/original/yYhwWRcxDHTn63gSEF1vnDAD7cD.jpg,3000,2000
Bruce Willis,https://image.tmdb.org/t/p/original/eKzKdhqk3RnGTeDju1eOBxdOk3c.jpg,900,600
Orson Welles,https://image.tmdb.org/t/p/original/e9lGmqQq3EsHeUQgQLByo275hcc.jpg,3000,2000
Christopher Plummer,https://image.tmdb.org/t/p/original/iZh3s9Vy9vYD4DYnAda6C1kdeco.jpg,2304,1536
Ed Asner,https://image.tmdb.org/t/p/original/i9Akq9tqNwgcAc63QaSaiTYZtUB.jpg,900,600
Garrett Hedlund,https://image.tmdb.org/t/p/original/v5gztlEVgGJEQVp1Mf7URJJBuop.jpg,3000,2000
Naseeruddin Shah,https://image.tmdb.org/t/p/original/lFvGfKypi5NNyUjrsT8Y7ebWc7G.jpg,1566,1045
Peta Wilson,https://image.tmdb.org/t/p/original/eFmvcjqjPiaF4YzwBkI5WIwwE1h.jpg,750,500
Tony Curran,https://image.tmdb.org/t/p/original/3jDsskeIzbCNKuqu2WIxmtmv8mG.jpg,1000,667
Stuart Townsend,https://image.tmdb.org/t/p/original/8jc2nlrAkinMjyVPvYxa9goL5QZ.jpg,1348,898
Shane West,https://image.tmdb.org/t/p/original/1tkAg5kgq7Nv3r0nYO7cDHGfYyr.jpg,512,341
Lee Marvin,https://image.tmdb.org/t/p/original/3UyL1rHcJCbOEHmvgACG0I9kOxB.jpg,480,320
Sam Neill,https://image.tmdb.org/t/p/original/8A6UifLxsv9Q45plOMGXgVHOl9I.jpg,750,500
Chow Yun-Fat,https://image.tmdb.org/t/p/original/uDPYSiZrW7OZ79qgcgkWefALlXY.jpg,600,400
Zhang Ziyi,https://image.tmdb.org/t/p/original/6DUCAJzpw06VoAA9VWrvB2g4dpq.jpg,750,500
Anthony Hopkins,https://image.tmdb.org/t/p/original/9ukJS2QWTJ22HcwR1ktMmoJ6RSL.jpg,850,567
Alicia Silverstone,https://image.tmdb.org/t/p/original/pyxqkP4i0ubVdoRe5hoiiiwkHkb.jpg,1021,681
Sigourney Weaver,https://image.tmdb.org/t/p/original/pdnMwjkUzw3desD3r2Pl5yUn3EK.jpg,500,334
Marlon Brando,https://image.tmdb.org/t/p/original/fuTEPMsBtV1zE98ujPONbKiYDc2.jpg,999,666
Sam Bottoms,https://image.tmdb.org/t/p/original/82ACmkTCHtKAuw42Jwx4JbjuVw0.jpg,2000,1333
Rufus Sewell,https://image.tmdb.org/t/p/original/yc2EWyg45GO03YqDttaEhjvegiE.jpg,900,600
Jason Robards,https://image.tmdb.org/t/p/original/9y0HAtWWBkB02gVzh8QDdz6UYZH.jpg,1034,689
Robert Mitchum,https://image.tmdb.org/t/p/original/l0It7MePd9cwgqHR3JQAYD6YMg9.jpg,3000,2000
Ian McKellen,https://image.tmdb.org/t/p/original/coWjgMEYJjk2OrNddlXCBm8EIr3.jpg,1500,1000
Deborah Foreman,https://image.tmdb.org/t/p/original/teCFGZtVGjt0iA9GB4jUXWMycAN.jpg,1920,1280
James McAvoy,https://image.tmdb.org/t/p/original/u4REKbm3zhFI2J5tVyqRovGRYUJ.jpg,1000,666
Tom Cruise,https://image.tmdb.org/t/p/original/eOh4ubpOm2Igdg0QH2ghj0mFtC.jpg,861,574
Cillian Murphy,https://image.tmdb.org/t/p/original/3DZAf9CwXmfV2HZOEdqeZAGTndV.jpg,648,432
Ricky Gervais,https://image.tmdb.org/t/p/original/2mAjcq9AQA9peQxNoeEW76DPIju.jpg,1911,1274
Wesley Snipes,https://image.tmdb.org/t/p/original/81D6oJ81kiQ5xnEHhaHrY29ntdO.jpg,1500,1000
Gerard Butler,https://image.tmdb.org/t/p/original/hAKPWWvUyvcfqPcoBG45c8NRr6e.jpg,1500,1000
Bob Hoskins,https://image.tmdb.org/t/p/original/qOeE7bVHAsNTbP77Qk6TwrrWHZc.jpg,750,500
Christopher Lloyd,https://image.tmdb.org/t/p/original/nxVjpyb3UrfbPZnEyDNlQVlFAs5.jpg,1808,1205
Kathleen Turner,https://image.tmdb.org/t/p/original/fItxvQb7Jp3DnP6fXOm30zvYYaM.jpg,750,500
Errol Flynn,https://image.tmdb.org/t/p/original/x7yOzNMVCQzt7UQYy8Po3GNrR0I.jpg,1500,1000
Humphrey Bogart,https://image.tmdb.org/t/p/original/tj8XQNBwSlHCQyLTWpdhVm56L74.jpg,1500,1000
Ben Stiller,https://image.tmdb.org/t/p/original/scgpxhI05JpdNXXfmpK6z0rPOWN.jpg,1333,889
Craig Bierko,https://image.tmdb.org/t/p/original/btsSJRxc0i7Xty1R0iCYOnbTuDE.jpg,1000,666
Billy Connolly,https://image.tmdb.org/t/p/original/imqsEA1EPet7OvHx80VfTYfFcWf.jpg,1200,800
Samantha Morton,https://image.tmdb.org/t/p/original/5DOlLIlgxKYzb4Hsm0phrGmYVIq.jpg,1200,800
Richard Gere,https://image.tmdb.org/t/p/original/i7wcBNmFldh2E4QInCvmv7CPSIR.jpg,720,480
Claude Rains,https://image.tmdb.org/t/p/original/agbKGRcw65QRfMPm1aDijUL1Lqd.jpg,1710,1140
Michael Madsen,https://image.tmdb.org/t/p/original/69cqjkTNKI1muAfnvorfmWNVgIe.jpg,3000,2000
Liam Neeson,https://image.tmdb.org/t/p/original/bboldwqSC6tdw2iL6631c98l2Mn.jpg,451,301
Ewan McGregor,https://image.tmdb.org/t/p/original/qYRGu6NIqkUYIO7ftso110WNQ6P.jpg,1200,800
Jake Lloyd,https://image.tmdb.org/t/p/original/tp5PRiy8Ip8Vs70pUY1jeHbk2wH.jpg,2044,1363
R. Lee Ermey,https://image.tmdb.org/t/p/original/aXFJlEGHlQT7bwxkKwq6Sx7PeEp.jpg,1080,720
David Niven,https://image.tmdb.org/t/p/original/ioW2DU6T2HPvTdqUSaLLQmGPb38.jpg,765,510
Pauly Shore,https://image.tmdb.org/t/p/original/uI7ctTqSIlLL7nn6UqDdqqhGNVC.jpg,850,567
Alexis Dziena,https://image.tmdb.org/t/p/original/vKZ6blAnr7EXVk5rvmKJsK2jhzS.jpg,1799,1199
Tom Berenger,https://image.tmdb.org/t/p/original/8PSsSsFI1EpEvxifq8rPe3412iv.jpg,2724,1816
Ritchie Coster,https://image.tmdb.org/t/p/original/s0QLFPGEbZkyKBqpbM4upC2jMgk.jpg,771,514
Val Kilmer,https://image.tmdb.org/t/p/original/sWH9jTD0bC5gWhhceUlzfNiNup0.jpg,842,561
Lionel Barrymore,https://image.tmdb.org/t/p/original/j7UjmpRAZ7imblut0WHqjS13mmg.jpg,900,600
Clancy Brown,https://image.tmdb.org/t/p/original/9RgzFqbmWBLVfq9wvyDo5UW8VT1.jpg,1500,1000
Brad Pitt,https://image.tmdb.org/t/p/original/oos8Gh9L9zcadx1awXRwTMHGl7V.jpg,660,440
Frank Whaley,https://image.tmdb.org/t/p/original/fYcqfn6nQy8qO40DMBdDzWQuloq.jpg,609,406
Everett McGill,https://image.tmdb.org/t/p/original/4LMEfVrkkifznxMtrQjDINJazts.jpg,450,300
Heath Ledger,https://image.tmdb.org/t/p/original/p2z2bURSg7nuMsN9P2s61e2RvNz.jpg,3000,2000
Larry Miller,https://image.tmdb.org/t/p/original/ajnXlXG20LJwAwxne8G94ucVj0v.jpg,2100,1400
Christopher Lee,https://image.tmdb.org/t/p/original/dA26fBr3t7mKqjn3OYW6kbD1LXM.jpg,2190,1460
Dustin Milligan,https://image.tmdb.org/t/p/original/v1OtMBknzIUPXd0sQU6P0LA57V7.jpg,450,300
Julian McMahon,https://image.tmdb.org/t/p/original/PirhJFimrT5iK0qru4SzlwLW4G.jpg,885,590
Robin Williams,https://image.tmdb.org/t/p/original/iYdeP6K0qz44Wg2Nw9LPJGMBkQ5.jpg,1500,1000
Billie Whitelaw,https://image.tmdb.org/t/p/original/6KIxHQkGAmXYZRWR12eQyaccDgC.jpg,450,300
Jeff Anderson,https://image.tmdb.org/t/p/original/edwQlYwAWWHQC9um89c5CQpFYof.jpg,1095,730
Brittany Murphy,https://image.tmdb.org/t/p/original/uLOrqcSk2h5o3ekNfcuGFDzN13W.jpg,1200,800
Elizabeth Hurley,https://image.tmdb.org/t/p/original/m18Mx9Fj9XKA9CTDGBDUhluSuGt.jpg,1666,1111
Michael McShane,https://image.tmdb.org/t/p/original/xGd7WMiumvnsGttbBXVRsrhos7X.jpg,1440,960
Billy Bob Thornton,https://image.tmdb.org/t/p/original/uJBFml6efjg34u2jvT5ugVa1cPI.jpg,1600,1066
Isabella Rossellini,https://image.tmdb.org/t/p/original/z0zojT6nwDxi35HMcXlVpBfuBAU.jpg,860,573
Arnold Schwarzenegger,https://image.tmdb.org/t/p/original/zEMhugsgXIpnQqO31GpAJYMUZZ1.jpg,2663,1775
Tim Curry,https://image.tmdb.org/t/p/original/8ZsGg3N3OZgxshqLOtA2kl5ckOP.jpg,3000,2000
Peter Hinwood,-,Nan,Nan
Ricky Nelson,https://image.tmdb.org/t/p/original/fvWAXwzWngbafC2DrCHjDPM0tfO.jpg,3000,2000
Jesse Metcalfe,https://image.tmdb.org/t/p/original/e2jZd4VcOolxLlASCzWCLtj2LwJ.jpg,1350,900
Sophia Bush,https://image.tmdb.org/t/p/original/aYGDMKp7t7deFTTd0lxspGm4yHT.jpg,750,500
Eddie Murphy,https://image.tmdb.org/t/p/original/qgjMfefsKwSYsyCaIX46uyOXIpy.jpg,1600,1066
Brigitte Auber,https://image.tmdb.org/t/p/original/csqCyLNVsKzaWrbSRO9k1J2pb0t.jpg,662,442
Chris Carmack,https://image.tmdb.org/t/p/original/fuZw1ChY7SYCcYLr71N7RzoFgan.jpg,1200,800
Jamie Lee Curtis,https://image.tmdb.org/t/p/original/9KWvPVeiLOXlOGl0XVyHZtJWQtx.jpg,2000,1333
Fran Kranz,https://image.tmdb.org/t/p/original/xIDRyMVPIbqRWck39zWxX7mrulC.jpg,1352,902
Joseph Fiennes,https://image.tmdb.org/t/p/original/sg5Z7nTvEPBqDKULvGXWzJRbnrU.jpg,934,623
Bruce Boxleitner,https://image.tmdb.org/t/p/original/gBB5XKWGXFA4Y9s1mV15wTZUkSD.jpg,991,660
David Warner,https://image.tmdb.org/t/p/original/AlsZcAY2c4chfOxMW69gHQzH1B2.jpg,563,375
Natalie Portman,https://image.tmdb.org/t/p/original/edPU5HxncLWa1YkgRPNkSd68ONG.jpg,1086,724
Kenneth Branagh,https://image.tmdb.org/t/p/original/AbCqqFxNi5w3nDUFdQt0DGMFh5H.jpg,1575,1050
Anthony Michael Hall,https://image.tmdb.org/t/p/original/nLthzoCuNxxd3KteIrnnMg1066G.jpg,1500,1000
Tim Robbins,https://image.tmdb.org/t/p/original/A4fHNLX73EQs78f2G6ObfKZnvp4.jpg,3000,2000
Seth Rogen,https://image.tmdb.org/t/p/original/2dPFskUtoiG0xafsSEGl9Oz4teA.jpg,1149,766
James Franco,https://image.tmdb.org/t/p/original/pgEe68922Ba20vAwPmAFQFm8U0c.jpg,2010,1340
Danny McBride,https://image.tmdb.org/t/p/original/sVFPzl2t5QlGudQKWAszIWZCXZv.jpg,1800,1200
Amanda Righetti,https://image.tmdb.org/t/p/original/glAhErOplmToSjCf5QB8mjAnuXt.jpg,900,600
Edmund Gwenn,https://image.tmdb.org/t/p/original/mxVVPsEBOfYzal7zwFx0RM79LEq.jpg,1106,738
Paul Gleason,https://image.tmdb.org/t/p/original/a7PJofFcVpDxw2wAak1d56J7L4k.jpg,866,577
Matt Damon,https://image.tmdb.org/t/p/original/At3JgvaNeEN4Z4ESKlhhes85Xo3.jpg,1170,780
Clive Owen,https://image.tmdb.org/t/p/original/ed0LT4wH1rUCviCFexd4XPZVHE1.jpg,3000,2000
Mark Wahlberg,https://image.tmdb.org/t/p/original/bTEFpaWd7A6AZVWOqKKBWzKEUe8.jpg,1500,1000
Fred Savage,https://image.tmdb.org/t/p/original/ux4TBPjG2kZDUlDiKb6eBK7BBFl.jpg,2100,1400
Lil Dagover,https://image.tmdb.org/t/p/original/eNdCKI0PjnDapWEbTuZln7U2hCl.jpg,817,546
Robbie Gee,https://image.tmdb.org/t/p/original/mzzfbA0e4DWgxvIYjaryMolkiqm.jpg,1000,666
Lennie James,https://image.tmdb.org/t/p/original/hfZrdEkBHxYYbMoGHAaVomlgMi.jpg,715,476
Vinnie Jones,https://image.tmdb.org/t/p/original/tkYWG9gY2QpoBfOh4OWNz8yQfsw.jpg,1500,1000
Ade,https://image.tmdb.org/t/p/original/vDLKOLFlGkoLkEbc3RlVmwnw70y.jpg,1158,772
Kevin James,https://image.tmdb.org/t/p/original/dqyUARUWykoMT3eRDgy7vmQY5PG.jpg,531,354
Reese Witherspoon,https://image.tmdb.org/t/p/original/hN2PiGapyp3zxMGXSk5Tk9pOo6T.jpg,1800,1200
Warren Oates,https://image.tmdb.org/t/p/original/qgelB9xOkMDLf2sDQH5XfVPh29K.jpg,1500,1000
Bill Murray,https://image.tmdb.org/t/p/original/nnCsJc9x3ZiG3AFyiyc3FPehppy.jpg,3000,2000
Michael Caine,https://image.tmdb.org/t/p/original/hZruclwEPCKw3e83rnFSIH5sRFZ.jpg,2145,1430
Forest Whitaker,https://image.tmdb.org/t/p/original/1GbfuDitXDBmNmXEKk2rGEXiEXE.jpg,2400,1600
Leo Fitzpatrick,https://image.tmdb.org/t/p/original/iZG9G5DstChbwlL9mAQ727heZX.jpg,2250,1500
Ted Knight,https://image.tmdb.org/t/p/original/KQ1T3PD20c238GYwBQt6Ph7sFZ.jpg,1000,667
Joaquin Phoenix,https://image.tmdb.org/t/p/original/6Am3gD4CVdU7x8WBVNwN4KKAM0V.jpg,965,643
Ron Perlman,https://image.tmdb.org/t/p/original/9riPBfsWpzEzh2y9ucxTW22iakI.jpg,750,500
Bruce Campbell,https://image.tmdb.org/t/p/original/p9335ljr7luOWsfwZSOlsIzFJKE.jpg,1932,1288
Nick Frost,https://image.tmdb.org/t/p/original/2CHS4t6miNGLgMQAjhFqb4fFuKS.jpg,645,430
Kevin Peter Hall,https://image.tmdb.org/t/p/original/bg8ohLqgj1v9XzY927PfYNAu9nk.jpg,450,300
Daniel Craig,https://image.tmdb.org/t/p/original/iFerDZUmC5Fu26i4qI8xnUVEHc7.jpg,1500,1000
Elias Koteas,https://image.tmdb.org/t/p/original/gQpHrmTP9ylOsw8O4xKiuZHC7oo.jpg,858,572
Rick Rossovich,https://image.tmdb.org/t/p/original/uShNdPWbDHMejpMxuoNsqaaDbuc.jpg,450,300
Kristy Swanson,https://image.tmdb.org/t/p/original/8gPVElKDCBllmfIP0pjZL9zISKv.jpg,3000,2000
Chris Sarandon,https://image.tmdb.org/t/p/original/jP92Lq3JHl8mbdxzcZ6PyCQDwa5.jpg,2100,1400
Mandy Patinkin,https://image.tmdb.org/t/p/original/ykKV39t79fm6I88m8CjZFu0oBDU.jpg,2200,1467
André the Giant,https://image.tmdb.org/t/p/original/wJPL8WVrzOWhkH6gCQkqGsXBdWG.jpg,1530,1020
Nick Nolte,https://image.tmdb.org/t/p/original/jpYzFBi6zfn8CHVaXmqgiOTas4V.jpg,960,640
Greg Kinnear,https://image.tmdb.org/t/p/original/fweC1tDqEWuMQK6OHcJLnmGBf5.jpg,1391,928
Joe Pesci,https://image.tmdb.org/t/p/original/4AO0Rwdg2ky8Usmgzgj0dvhy7Zw.jpg,1018,679
Ben Kingsley,https://image.tmdb.org/t/p/original/vQtBqpF2HDdzbfXHDzR4u37i1Ac.jpg,967,645
Bette Davis,https://image.tmdb.org/t/p/original/uBRNCljWHEG9cW9em2ZyoGWQQN5.jpg,1050,700
Kevin Gage,https://image.tmdb.org/t/p/original/nTaDLkN1RAhPGaM0AO1CFysnwUl.jpg,752,501
John Howard,https://image.tmdb.org/t/p/original/oWtp0JXgzPuylb10PA9OOUmFKle.jpg,720,480
Aidan Gillen,https://image.tmdb.org/t/p/original/ju5ho6nnwOQ2QLGLnDP9yOZhGpb.jpg,780,520
Bruce Greenwood,https://image.tmdb.org/t/p/original/rVpyddWneBBYYzYhMRmWoHMg3Hg.jpg,1334,889
Junjie Qin,https://image.tmdb.org/t/p/original/q50b2VpJaO5LOM4U7qxLwcj99fM.jpg,881,587
Peter Finch,https://image.tmdb.org/t/p/original/eNPZn3KylhsSlRTkgr8Kg50yZiC.jpg,1080,720
Jason Lee,https://image.tmdb.org/t/p/original/3VLXHK2OVUzYkEVZliiaxT9lX0J.jpg,819,546
Samuel L. Jackson,https://image.tmdb.org/t/p/original/nCJJ3NVksYNxIzEHcyC1XziwPVj.jpg,1533,1022
Guy Pearce,https://image.tmdb.org/t/p/original/vTqk6Nh3WgqPubkS23eOlMAwmwa.jpg,1050,700
Laurence Olivier,https://image.tmdb.org/t/p/original/kziWbtgEJB0dFZA6kPyzoaYEyQ5.jpg,3000,2000
Ray Milland,https://image.tmdb.org/t/p/original/nqZGSLa9jS92hYlmkacFXxYwB2Y.jpg,1260,840
Robert Downey Jr.,https://image.tmdb.org/t/p/original/im9SAqJPZKEbVZGmjXuLI4O7RvM.jpg,2047,1365
Richard Roxburgh,https://image.tmdb.org/t/p/original/de1XpxnOuW4v4fFWFEjmBqmHaRf.jpg,1500,1000
Margarita Levieva,https://image.tmdb.org/t/p/original/7rSf7C5oKuvjgEBfe2GVv064Le.jpg,1050,700
Leonardo DiCaprio,https://image.tmdb.org/t/p/original/wo2hJpn04vbtmh0B9utCFdsQhxM.jpg,1563,1042
Tom Hardy,https://image.tmdb.org/t/p/original/d81K0RH8UX7tZj49tZaQhZ9ewH.jpg,900,600
David Wenham,https://image.tmdb.org/t/p/original/F7CWSqUE75HtrcdqIQ7UMZ9aTX.jpg,2100,1400
John Travolta,https://image.tmdb.org/t/p/original/ap8eEYfBKTLixmVVpRlq4NslDD5.jpg,900,600
Ed Helms,https://image.tmdb.org/t/p/original/gPZ8tZaNQGAc3KZRIPp9rgGbEnN.jpg,630,420
Christopher Eccleston,https://image.tmdb.org/t/p/original/eZKYy6lxKFiO89TdKk3sX4gi9tD.jpg,750,500
Chris Klein,https://image.tmdb.org/t/p/original/56kCtPVfvjm5IRPa2GyaQHTPIOy.jpg,1500,1000
David Cross,https://image.tmdb.org/t/p/original/psU22y9yP3uheVc4LWeHjLkeqEM.jpg,993,662
William H. Macy,https://image.tmdb.org/t/p/original/r8L4rJlEZXKo91nJjoMXaMHHt0P.jpg,1410,940
Peter Stormare,https://image.tmdb.org/t/p/original/5muzSVt66Qxc8KuVbq0phZIN9tj.jpg,3000,2000
Kevin Zegers,https://image.tmdb.org/t/p/original/zRjasG4NXxKbe6e1c4enivAvfcH.jpg,1701,1134
Mel Gibson,https://image.tmdb.org/t/p/original/jnqHMaOslt8cef2atSmOpGRvNla.jpg,1050,700
Jeremy Jordan,https://image.tmdb.org/t/p/original/idYjWWH7LbXFxQlqJes0DWbztpf.jpg,450,300
Jason Statham,https://image.tmdb.org/t/p/original/whNwkEQYWLFJA8ij0WyOOAD5xhQ.jpg,2100,1400
Dakota Fanning,https://image.tmdb.org/t/p/original/qr2sSNRenUiRrUONZQZhVNorbOz.jpg,1620,1080
Patricia Hayes,https://image.tmdb.org/t/p/original/6XFwNMFX81TJOvY5k5V0rUANQL.jpg,450,300
Alex Karras,https://image.tmdb.org/t/p/original/hLnBrpfcRIi4wXazuVsmiMPNdfS.jpg,1406,938
Gene Wilder,https://image.tmdb.org/t/p/original/mwwOSWS2m8ArpiUKnoxVVyT8fND.jpg,1440,960
Jack Palance,https://image.tmdb.org/t/p/original/sRr2YPa1IElRE1vG1PQcgLrS9om.jpg,750,500
Mr. T,https://image.tmdb.org/t/p/original/oblysKmIpP7fg5iW5P212s8LGAg.jpg,779,519
Rutger Hauer,https://image.tmdb.org/t/p/original/45kp2fmVWloddrz7LF94MmT4tWf.jpg,2100,1400
Nicholas Bell,https://image.tmdb.org/t/p/original/u6wGCSowG03IkZiXEFO8ecYXiZv.jpg,499,332
Ricardo Montalbán,https://image.tmdb.org/t/p/original/lL4I7U0j6Jc31XNohM86FN6D23I.jpg,900,600
Kirsten Dunst,https://image.tmdb.org/t/p/original/sFYHUU1gWd57pttD8732tkBsXV5.jpg,1200,800
Gloria Swanson,https://image.tmdb.org/t/p/original/akmlp75ESHjtGOVtOCfJYxkX4eo.jpg,1500,1000
Mary Elizabeth Mastrantonio,https://image.tmdb.org/t/p/original/vbZ1E557K5oj34xLHR5ErO8wPCi.jpg,612,408
Lance Fenton,https://image.tmdb.org/t/p/original/gsiMtMyjsq1s0tyqtFCQRhxOUmS.jpg,626,417
Linda Hamilton,https://image.tmdb.org/t/p/original/7FNn9Z5xkRS9EFbGL2tpmpph9xV.jpg,1080,720
Jeffrey Tambor,https://image.tmdb.org/t/p/original/e4IkxsEo5O4oUWrIpXlEhWa6lqB.jpg,2400,1600
Lee Van Cleef,https://image.tmdb.org/t/p/original/yQc5wjNCdRZzPp5E2wRPRYsEq9a.jpg,825,550
James Earl Jones,https://image.tmdb.org/t/p/original/oqMPIsXrl9SZkRfIKN08eFROmH6.jpg,1920,1280
Frank Oz,https://image.tmdb.org/t/p/original/mb2JbT8s6LIgaxj6QTph0NW1pmI.jpg,1667,1111
Paul Newman,https://image.tmdb.org/t/p/original/bP2fByqNR7BorsUNuD6nSm0u2vJ.jpg,3000,2000
Robert Redford,https://image.tmdb.org/t/p/original/hNiy78lk26xTE6tjisSCowcOVw0.jpg,3000,2000
Robert Shaw,https://image.tmdb.org/t/p/original/yREsJFk92mVEagAIO6IJra0LqUq.jpg,2048,1367
Horst Buchholz,https://image.tmdb.org/t/p/original/9V38Di9T0qsjKBl2dR7sZMN1N0i.jpg,2416,1610
Stephen Chow,https://image.tmdb.org/t/p/original/j5DWs54BGZfp92G43c9OyHPvkNG.jpg,2234,1490
Michael Clarke Duncan,https://image.tmdb.org/t/p/original/3RX8OBqt3gbvFwKYZqiom4O3Ta6.jpg,720,480
Peter Sarsgaard,https://image.tmdb.org/t/p/original/jOc4VjxPaOkWOqnLCxd8BJy9g5i.jpg,531,354
Shih Kien,-,Nan,Nan
Martin Lawrence,https://image.tmdb.org/t/p/original/15Ck85zfgWkmSMfNYLkE9JLTP7s.jpg,3000,2000
Ryan Reynolds,https://image.tmdb.org/t/p/original/4SYTH5FdB0dAORV98Nwg3llgVnY.jpg,512,341
Sean Penn,https://image.tmdb.org/t/p/original/9glqNTVpFpdN1nFklKaHPUyCwR6.jpg,3000,2000
Peter Facinelli,https://image.tmdb.org/t/p/original/dedS4MpictN0kjQsPjjZSQwZoee.jpg,750,500
Christine Taylor,https://image.tmdb.org/t/p/original/6t1WZUPoIWjBDrH1JPCUM8b58cG.jpg,1388,925
The Rock,https://image.tmdb.org/t/p/original/kWXI2xbMFwthOFKFpzQcHApLeAJ.jpg,1081,720
Pierce Brosnan,https://image.tmdb.org/t/p/original/mciqKRUdKFGF8CUEMiimcA1sdDN.jpg,1680,1120
Rick Moranis,https://image.tmdb.org/t/p/original/nCIh203hALUsQW44x3dzpjSA4yf.jpg,1764,1176
Omri Katz,https://image.tmdb.org/t/p/original/wY3NxTyXhzJ8BkmBZcQuSE7WtoC.jpg,1200,800
Richard White,https://image.tmdb.org/t/p/original/ffrXvosdpVWd00neXUyposGNViF.jpg,1239,826
Peter Cullen,https://image.tmdb.org/t/p/original/9Snf4fBUkk5MrAjqtNtgZRJYJbj.jpg,840,561
Norman Lloyd,https://image.tmdb.org/t/p/original/5TZyfvFsENVTGLFBgxGntQSITP5.jpg,1338,892
Steve Guttenberg,https://image.tmdb.org/t/p/original/bdOuq7U6QqRT5VcuXT08tAIsnfs.jpg,730,486
Teresa Palmer,https://image.tmdb.org/t/p/original/sjSiLSCp9LS1Z0nyGpmquTBuUyr.jpg,1067,711
Busy Philipps,https://image.tmdb.org/t/p/original/7UUe7IgetfpyhNSSpoyaC9iWF7C.jpg,2728,1819
Zachary Levi,https://image.tmdb.org/t/p/original/1W8L3kEMMPF9umT3ZGaNIiCYKfZ.jpg,1393,929
Patrick Bergin,https://image.tmdb.org/t/p/original/mxFum2Fr5YWD6kDQYb5u7EEvuva.jpg,720,480
Ryan O'Neal,https://image.tmdb.org/t/p/original/ubPqhPWcEywLPuV4abXl2JhkWun.jpg,883,589
Jack Black,https://image.tmdb.org/t/p/original/rtCx0fiYxJVhzXXdwZE2XRTfIKE.jpg,1400,933
Mike White,https://image.tmdb.org/t/p/original/eJpW9GKmWh0W7enmjjZQ8MIEzoI.jpg,885,590
John Hurt,https://image.tmdb.org/t/p/original/wGDGhBOggA8I2ktgc1QoHABEF0m.jpg,900,600
Schuyler Fisk,https://image.tmdb.org/t/p/original/5nQajFEGYNH8IeVhbWMKdF4lxu8.jpg,720,480
Laura San Giacomo,https://image.tmdb.org/t/p/original/xOPY9e0HN6zYmI5HrmRSbwygEzy.jpg,1500,1000
Colin Firth,https://image.tmdb.org/t/p/original/4VBeYEUQbfhnivdkqInM36u5fda.jpg,3000,2000
Peter O'Toole,https://image.tmdb.org/t/p/original/7HzyrEuRVPpjmyJTeiU5oILd3Cn.jpg,600,400
