Actor,Image URL
Dustin Hoffman,https://image.tmdb.org/t/p/original/yFjTzJHE6AFbwQifOlnNDzmiwlq.jpg
Edward Norton,https://image.tmdb.org/t/p/original/5XBzD5WuTyVQZeS4VI25z2moMeY.jpg
David Krumholtz,https://image.tmdb.org/t/p/original/6M2kk44Z1DyUhuVGyy2UDbCKZuM.jpg
Matthew Broderick,https://image.tmdb.org/t/p/original/papqFgpyroZJEqd7WvuNGN8ti2k.jpg
Ronny Cox,https://image.tmdb.org/t/p/original/cKkVkqft2RacSDhsKxO8nMFgeAd.jpg
Peter Weller,https://image.tmdb.org/t/p/original/mVRJX38zabRadVPJe0XOTObVzhp.jpg
Russell Crowe,https://image.tmdb.org/t/p/original/fbzD4utSGJlsV8XbYMLoMdEZ1Fc.jpg
Nick Chinlund,https://image.tmdb.org/t/p/original/lRmgWDIXqBTneGbKlJNSFyiis1e.jpg
Tom Hollander,https://image.tmdb.org/t/p/original/cqZiJsImFZ6TaeShRRg49AZ9TyT.jpg
Johnny Depp,https://image.tmdb.org/t/p/original/wcI594cwM4ArPwvRd2IU0Z0yLuh.jpg
Jack Davenport,https://image.tmdb.org/t/p/original/shGH0YWJBfiJznidS0f2ZfN056c.jpg
Brian Blessed,https://image.tmdb.org/t/p/original/3mLIr94V5IOA5ndY6GyqKKcyrX6.jpg
Javier Bardem,https://image.tmdb.org/t/p/original/IShnFg6ijWhpbu29dFBd9PtqQg.jpg
Chris Bauer,https://image.tmdb.org/t/p/original/1AjdNxbVmy6azlOxIfnCX5OruEA.jpg
James Marsden,https://image.tmdb.org/t/p/original/lf7OnfKZnMgNh9b98764tqSocGK.jpg
Takashi Matsuyama,https://image.tmdb.org/t/p/original/8s8gvsacz3Vbje6fFe6fGObfVNV.jpg
Hayden Christensen,https://image.tmdb.org/t/p/original/RuwAecNK9VDeTrfw6LUE4q4rIt.jpg
Tom Hiddleston,https://image.tmdb.org/t/p/original/mclHxMm8aPlCPKptP67257F5GPo.jpg
Wayne Morris,https://image.tmdb.org/t/p/original/2HFQHQrPdlr8eRca5x9BAfeQnjc.jpg
Cameron Diaz,https://image.tmdb.org/t/p/original/d4f4cQ9EiYuvNMjT1IB2h06KoRx.jpg
Ashley Tisdale,https://image.tmdb.org/t/p/original/znzE8om6N3H9wJQ5AUTMxPOnA3s.jpg
Martin Sheen,https://image.tmdb.org/t/p/original/5W4OuI6evOYyPc3pUnKAEnpLtX3.jpg
Ryan Gosling,https://image.tmdb.org/t/p/original/lyUyVARQKhGxaxy0FbPJCQRpiaW.jpg
Chia Hui Liu,https://image.tmdb.org/t/p/original/hLLDmQbIi8EO0hsBbgLAswqaOrq.jpg
Jean Hagen,https://image.tmdb.org/t/p/original/uUnhlVfuVVoXH8zPBAAQJn446W3.jpg
John Lynch,https://image.tmdb.org/t/p/original/4TG8HYZ5SEFh1Yk5CCG4fXD55j9.jpg
William Zabka,https://image.tmdb.org/t/p/original/AoTxNif6Kv5KtIk3YdfQUxLrLeR.jpg
Pat Morita,https://image.tmdb.org/t/p/original/urxkD8FV5ajhjiFTyVQlbECGyRI.jpg
Emilio Estevez,https://image.tmdb.org/t/p/original/6TNIik0wBLo8DTvmJNDkKDqKWme.jpg
William Petersen,https://image.tmdb.org/t/p/original/844k8tbN8mr5Nk69Ge2yzFR4k9r.jpg
Sean Astin,https://image.tmdb.org/t/p/original/5oJzy6Ra0tuMEV7mfxjtqye5qUX.jpg
Kevin Costner,https://image.tmdb.org/t/p/original/608blZipRDZkDpzp8VItB64qMaT.jpg
David Carradine,https://image.tmdb.org/t/p/original/u6C8DVrC9QgQEovlWLIBob8gvgZ.jpg
John Cusack,https://image.tmdb.org/t/p/original/kp65dfHsLDGy33uJoTk3DNm4s79.jpg
Rowan Atkinson,https://image.tmdb.org/t/p/original/wxTgS4SFanVKbnvu9xqOzNJWJwz.jpg
Cary Grant,https://image.tmdb.org/t/p/original/oF5Vj64OEEDAy7DzpBP0W8fSwC6.jpg
Mira Sorvino,https://image.tmdb.org/t/p/original/11raFiNo7QfisH44v3NIfpVvIz5.jpg
Lisa Kudrow,https://image.tmdb.org/t/p/original/9YNzHuT7L0wdEl3zua6iUYz5tYT.jpg
Mickey Rourke,https://image.tmdb.org/t/p/original/i6vXukUwRsJa7S9yhZgoKt9xLDv.jpg
Roger Allam,https://image.tmdb.org/t/p/original/hrtVjATnltwatFCOjhtCZTnN2hW.jpg
Jeff Daniels,https://image.tmdb.org/t/p/original/r0mkZJZnTSJO3HJRsMW5HtszxE8.jpg
Walter Matthau,https://image.tmdb.org/t/p/original/oAMxqfGR0C5Ru5vER9Y4OP6P0xR.jpg
Jeff Bridges,https://image.tmdb.org/t/p/original/6DscLKlL3mCWIJN2RtPgnQJjPms.jpg
Jon Heder,https://image.tmdb.org/t/p/original/xGLRJEKKmNsDpz6MefPMU4gqQj1.jpg
Maggie Gyllenhaal,https://image.tmdb.org/t/p/original/qxgM5LzzG4uWTprCL3gBVVJ2Q1K.jpg
Diane Lane,https://image.tmdb.org/t/p/original/o9pPS52JrleScO4Qq6q1nYlaxWz.jpg
Michael Douglas,https://image.tmdb.org/t/p/original/kVYGPIZowzXLEQfAGUNOqKjAbBb.jpg
Jonathan Winters,https://image.tmdb.org/t/p/original/c2pp7XSUBTbUyptlDjaEhoyz9QX.jpg
James Spader,https://image.tmdb.org/t/p/original/uET0mbf2bMkUXbRb1Oxi8Qjqcw3.jpg
Russell Brand,https://image.tmdb.org/t/p/original/AzRt43rdeK5nH7w6uWyyVwYla0.jpg
Hugo Weaving,https://image.tmdb.org/t/p/original/lSC8Et0PYi5zeQb3IpPkFje7hgR.jpg
Ivan Sergei,https://image.tmdb.org/t/p/original/wCTtbo5j7iXEdceG7u5JVm4swpg.jpg
Danny Huston,https://image.tmdb.org/t/p/original/iiVgafHitV0IbJYbaSNtHcWHF7P.jpg
Oscar Isaac,https://image.tmdb.org/t/p/original/dW5U5yrIIPmMjRThR9KT2xH6nTz.jpg
John Lithgow,https://image.tmdb.org/t/p/original/8Y1sjBdnVR483S8PrnAQzlESwhx.jpg
Christian Bale,https://image.tmdb.org/t/p/original/AcfW3p5D6ov573fABLyGqwYdolD.jpg
John Larch,https://image.tmdb.org/t/p/original/toed6dnkBQGYOg3e5uk4inCVdLN.jpg
Adam Sandler,https://image.tmdb.org/t/p/original/13AaphwcxenuuWzEx1tAzyg8pA7.jpg
Glenn Ford,https://image.tmdb.org/t/p/original/d6Vk69m5NAgMSgo4LmDm748wwm7.jpg
John Wayne,https://image.tmdb.org/t/p/original/ggHZ8WTKaoD9bGRhmC1FlV9sXwL.jpg
Jeremy Davies,https://image.tmdb.org/t/p/original/tNtcpQnMxzl0OqVDsyA63oAgPbI.jpg
Zack Ward,https://image.tmdb.org/t/p/original/mLZEzvl0vtGtcvCxanyI7ZGSUtk.jpg
Martin Short,https://image.tmdb.org/t/p/original/vWoZIOk7K8TSKu1IN90akswsWjZ.jpg
Robert De Niro,https://image.tmdb.org/t/p/original/7v2srE6gWIFPeazyDAw1hAbcuWW.jpg
Paige O'Hara,https://image.tmdb.org/t/p/original/g61DJhK2rUOJJ2Rk4Kw0svUPWRh.jpg
Tony Leung Chiu Wai,https://image.tmdb.org/t/p/original/ybe5FGhJShc6qJqA0vsxfLkFXgY.jpg
Jet Li,https://image.tmdb.org/t/p/original/c4s8INzU0ZAujCQ1YmphCmcsNzl.jpg
Woody Harrelson,https://image.tmdb.org/t/p/original/igxYDQBbTEdAqaJxaW6ffqswmUU.jpg
Denzel Washington,https://image.tmdb.org/t/p/original/jj2Gcobpopokal0YstuCQW0ldJ4.jpg
Trevor Thomas,-
Josh Peck,https://image.tmdb.org/t/p/original/qoapD8slSdb550o1JEoepv1SvT0.jpg
Jim Carrey,https://image.tmdb.org/t/p/original/u0AqTz6Y7GHPCHINS01P7gPvDSb.jpg
Jean Harlow,https://image.tmdb.org/t/p/original/b24q0sPGmSvZFIvz1mbCzWu11sq.jpg
Sabu Dastagir,https://image.tmdb.org/t/p/original/4tBtK9Hi4Plns5AP7sjixaWJZat.jpg
Clint Eastwood,https://image.tmdb.org/t/p/original/dU35NnjZ4aGw5abIJe3WXVf3Eey.jpg
Simon Pegg,https://image.tmdb.org/t/p/original/6ftW0kUeYno1kYfuwSTBILOtxjj.jpg
Viggo Mortensen,https://image.tmdb.org/t/p/original/vH5gVSpHAMhDaFWfh0Q7BG61O1y.jpg
Kevin J. O'Connor,https://image.tmdb.org/t/p/original/1q5MnllB6jbwCgMaGistJ917RQL.jpg
Rachel Weisz,https://image.tmdb.org/t/p/original/4iLJKWmXkFMOcGfT6lXL7qmsyyc.jpg
Harvey Keitel,https://image.tmdb.org/t/p/original/7P30hza1neYWW3r7rSQOC736K2Z.jpg
Rachel Hurd-Wood,https://image.tmdb.org/t/p/original/9OMWHFdFAk45dF00BgZR4BcjANI.jpg
Harrison Ford,https://image.tmdb.org/t/p/original/zVnHagUvXkR2StdOtquEwsiwSVt.jpg
Bill Paxton,https://image.tmdb.org/t/p/original/aLdNe6mt1cSi2zWlUYRregzfis5.jpg
Stephen Lang,https://image.tmdb.org/t/p/original/xEBuFWrCKDQD6r6CZK71GYIc4UW.jpg
Owen Wilson,https://image.tmdb.org/t/p/original/ntN3DL1Us5G2PCvlfq112vLXRKa.jpg
Kevin Kline,https://image.tmdb.org/t/p/original/nbxtPbVNA6CjCXMOf5oqipiZFsW.jpg
Kal Penn,https://image.tmdb.org/t/p/original/yICM1JcxKbEpaqTUreY0yFMIc8W.jpg
John Cho,https://image.tmdb.org/t/p/original/4Lar4uy8gk78cEocq6ERPRFWt3e.jpg
Ralph Fiennes,https://image.tmdb.org/t/p/original/tJr9GcmGNHhLVVEH3i7QYbj6hBi.jpg
Dolph Lundgren,https://image.tmdb.org/t/p/original/fisJpm05tw6GCJ4v62TKBCoWuZM.jpg
John Malkovich,https://image.tmdb.org/t/p/original/5coH0AExljEnbseCXKL4CDOVQj8.jpg
Jeremy Irons,https://image.tmdb.org/t/p/original/w8Ct1q02Ht3sWdOSqfp3B85TzT.jpg
Eric Christian Olsen,https://image.tmdb.org/t/p/original/v6r77LimgA49VxsRjKVFUYeVVRi.jpg
Jude Law,https://image.tmdb.org/t/p/original/A6Y0m7qEe04ZTHKyYDLbnyCHNzn.jpg
Tom Hanks,https://image.tmdb.org/t/p/original/xndWFsBlClOJFRdhSt4NBwiPq2o.jpg
Dan O'Herlihy,https://image.tmdb.org/t/p/original/vhZodGF9IiHdpbU78ShpyCgBr3X.jpg
Tim Roth,https://image.tmdb.org/t/p/original/qSizF2i9gz6c6DbAC5RoIq8sVqX.jpg
Ken Watanabe,https://image.tmdb.org/t/p/original/w2t30L5Cmr34myAaUobLoSgsLfS.jpg
Michelle Pfeiffer,https://image.tmdb.org/t/p/original/rEEl2e0fyEehvKnSHV79i61JjMc.jpg
Heather Langenkamp,https://image.tmdb.org/t/p/original/eqsaCuWAKbWJORS84dqpXzmg8b0.jpg
Will Arnett,https://image.tmdb.org/t/p/original/cXupYqk2ERP13XBkw816skYdVDO.jpg
Christopher Walken,https://image.tmdb.org/t/p/original/ApgDL7nudR9T2GpjCG4vESgymO2.jpg
Al Pacino,https://image.tmdb.org/t/p/original/fMDFeVf0pjopTJbyRSLFwNDm8Wr.jpg
Jack Nicholson,https://image.tmdb.org/t/p/original/6h12pZsgj3WWjMtykUgfLkLEBWz.jpg
John Huston,https://image.tmdb.org/t/p/original/rAqKERlZvXBiKV0tONGg5huwuJl.jpg
Tom Selleck,https://image.tmdb.org/t/p/original/uhrK7HBzIVPFTNgp08KHuihadMS.jpg
Nicole Kidman,https://image.tmdb.org/t/p/original/n1xlczx1w44DqUkJvJtAGJf9fyx.jpg
Daniel Gillies,https://image.tmdb.org/t/p/original/zasTOfb8TNyVGwRfb4jNdHnsZ2m.jpg
Henry Fonda,https://image.tmdb.org/t/p/original/zrxeBUsktTkfG8w9Jg2fRMrIADP.jpg
Charles Bronson,https://image.tmdb.org/t/p/original/w0C2Xa6PCQX83Iu2TxPjOCv8ufm.jpg
Brandon Lee,https://image.tmdb.org/t/p/original/1PV3h6KP0AzeqFCZjb3qxkpfoGE.jpg
Jake Gyllenhaal,https://image.tmdb.org/t/p/original/rJdYHYNhlcOBwbPvDZVvt1xw7bi.jpg
Daryl Hannah,https://image.tmdb.org/t/p/original/4LLmp6AQdlj6ueGCRbVRSGvvFSt.jpg
Jeffrey Jones,https://image.tmdb.org/t/p/original/zLodpqWUb9OzQLpK1ZY9im1Lh0p.jpg
Milo Ventimiglia,https://image.tmdb.org/t/p/original/9yFPsQCYi9sbPQ0xJGtoAF4Ar6v.jpg
Crispin Glover,https://image.tmdb.org/t/p/original/imBnLpSXvg61qDDdEfvL6R4ITKt.jpg
Thomas F. Wilson,https://image.tmdb.org/t/p/original/mVhm65ZVBIRIptWGiMIvoUy0Khi.jpg
Ronald Lacey,https://image.tmdb.org/t/p/original/wrFU5EkxKIq0TpEBuKXzcRAld73.jpg
Hugh Jackman,https://image.tmdb.org/t/p/original/4Xujtewxqt6aU0Y81tsS9gkjizk.jpg
"Randall ""Tex"" Cobb",https://image.tmdb.org/t/p/original/xBUdVeioNCwWBTzO618GSAtnWJg.jpg
Morgan Freeman,https://image.tmdb.org/t/p/original/jPsLqiYGSofU4s6BjrxnefMfabb.jpg
Luke Goss,https://image.tmdb.org/t/p/original/umjHJpsrNxxDqUxGyvLAaR1oub0.jpg
Daniel Day-Lewis,https://image.tmdb.org/t/p/original/3kNA9VcmymoEwT0btQ4bvMYxzcP.jpg
Rex Harrison,https://image.tmdb.org/t/p/original/fAaioU2CR1n3TsnFAY002YHpT7c.jpg
Paul Reiser,https://image.tmdb.org/t/p/original/rGryzG00uSk8LsidacSBXVgo3iv.jpg
Tom Waits,https://image.tmdb.org/t/p/original/uxDkURjzHnaglIH2YRWUMJjoDx.jpg
Zac Efron,https://image.tmdb.org/t/p/original/6oXNHv7gAyXXYFpF943pKRsTtqQ.jpg
Jason Mewes,https://image.tmdb.org/t/p/original/pZAmLSlIUhRUGrztm5i2AuNQV2o.jpg
Marilyn Monroe,https://image.tmdb.org/t/p/original/6UmSYSgAVpL2Q4ya2rHXpglxZbw.jpg
Alex Winter,https://image.tmdb.org/t/p/original/sigaiLM3OtOKXaXNoIqUoZjuE6f.jpg
Keanu Reeves,https://image.tmdb.org/t/p/original/rRdru6REr9i3WIHv2mntpcgxnoY.jpg
Justin Bartha,https://image.tmdb.org/t/p/original/AalKjN8nR8RZ8g6ZdWV2smnQq4d.jpg
Carl Weathers,https://image.tmdb.org/t/p/original/9Tot1ywxTQA3vFCcAjyK6h9Dao3.jpg
Günter Lamprecht,https://image.tmdb.org/t/p/original/mQO1g8rpR9QtJfjirhAMbDqOdOz.jpg
Desi Lydic,https://image.tmdb.org/t/p/original/7Q2GJgsu6P4S0EIHxANpE4mW148.jpg
Anne Hathaway,https://image.tmdb.org/t/p/original/tLelKoPNiyJCSEtQTz1FGv4TLGc.jpg
Neve Campbell,https://image.tmdb.org/t/p/original/9fDbXBbrM6L10YrzDJUJowDt8U.jpg
Anna Faris,https://image.tmdb.org/t/p/original/y3YKNr4qPPJZ9w4lR2a3yySKotd.jpg
Angus Macfadyen,https://image.tmdb.org/t/p/original/yUuA7U3lw6yM0Eb6mD83qYeevH2.jpg
Benicio del Toro,https://image.tmdb.org/t/p/original/cVh4UgCMu6aAkZ2BqymTLV86FzZ.jpg
Lee Byung-Hun,https://image.tmdb.org/t/p/original/pY4pwYO8qwtzvuzpzRczDACDiVA.jpg
David Murray,https://image.tmdb.org/t/p/original/xjns7i38YxYPUga6KMCxkxOsBFy.jpg
Jesse Eisenberg,https://image.tmdb.org/t/p/original/yYhwWRcxDHTn63gSEF1vnDAD7cD.jpg
Bruce Willis,https://image.tmdb.org/t/p/original/eKzKdhqk3RnGTeDju1eOBxdOk3c.jpg
Orson Welles,https://image.tmdb.org/t/p/original/e9lGmqQq3EsHeUQgQLByo275hcc.jpg
Christopher Plummer,https://image.tmdb.org/t/p/original/iZh3s9Vy9vYD4DYnAda6C1kdeco.jpg
Ed Asner,https://image.tmdb.org/t/p/original/i9Akq9tqNwgcAc63QaSaiTYZtUB.jpg
Garrett Hedlund,https://image.tmdb.org/t/p/original/v5gztlEVgGJEQVp1Mf7URJJBuop.jpg
Naseeruddin Shah,https://image.tmdb.org/t/p/original/lFvGfKypi5NNyUjrsT8Y7ebWc7G.jpg
Peta Wilson,https://image.tmdb.org/t/p/original/eFmvcjqjPiaF4YzwBkI5WIwwE1h.jpg
Tony Curran,https://image.tmdb.org/t/p/original/3jDsskeIzbCNKuqu2WIxmtmv8mG.jpg
Stuart Townsend,https://image.tmdb.org/t/p/original/8jc2nlrAkinMjyVPvYxa9goL5QZ.jpg
Shane West,https://image.tmdb.org/t/p/original/1tkAg5kgq7Nv3r0nYO7cDHGfYyr.jpg
Lee Marvin,https://image.tmdb.org/t/p/original/3UyL1rHcJCbOEHmvgACG0I9kOxB.jpg
Sam Neill,https://image.tmdb.org/t/p/original/8A6UifLxsv9Q45plOMGXgVHOl9I.jpg
Chow Yun-Fat,https://image.tmdb.org/t/p/original/uDPYSiZrW7OZ79qgcgkWefALlXY.jpg
Zhang Ziyi,https://image.tmdb.org/t/p/original/6DUCAJzpw06VoAA9VWrvB2g4dpq.jpg
Anthony Hopkins,https://image.tmdb.org/t/p/original/9ukJS2QWTJ22HcwR1ktMmoJ6RSL.jpg
Alicia Silverstone,https://image.tmdb.org/t/p/original/pyxqkP4i0ubVdoRe5hoiiiwkHkb.jpg
Sigourney Weaver,https://image.tmdb.org/t/p/original/pdnMwjkUzw3desD3r2Pl5yUn3EK.jpg
Marlon Brando,https://image.tmdb.org/t/p/original/fuTEPMsBtV1zE98ujPONbKiYDc2.jpg
Sam Bottoms,https://image.tmdb.org/t/p/original/82ACmkTCHtKAuw42Jwx4JbjuVw0.jpg
Rufus Sewell,https://image.tmdb.org/t/p/original/yc2EWyg45GO03YqDttaEhjvegiE.jpg
Jason Robards,https://image.tmdb.org/t/p/original/9y0HAtWWBkB02gVzh8QDdz6UYZH.jpg
Robert Mitchum,https://image.tmdb.org/t/p/original/l0It7MePd9cwgqHR3JQAYD6YMg9.jpg
Ian McKellen,https://image.tmdb.org/t/p/original/coWjgMEYJjk2OrNddlXCBm8EIr3.jpg
Deborah Foreman,https://image.tmdb.org/t/p/original/teCFGZtVGjt0iA9GB4jUXWMycAN.jpg
James McAvoy,https://image.tmdb.org/t/p/original/u4REKbm3zhFI2J5tVyqRovGRYUJ.jpg
Tom Cruise,https://image.tmdb.org/t/p/original/eOh4ubpOm2Igdg0QH2ghj0mFtC.jpg
Cillian Murphy,https://image.tmdb.org/t/p/original/3DZAf9CwXmfV2HZOEdqeZAGTndV.jpg
Ricky Gervais,https://image.tmdb.org/t/p/original/2mAjcq9AQA9peQxNoeEW76DPIju.jpg
Wesley Snipes,https://image.tmdb.org/t/p/original/81D6oJ81kiQ5xnEHhaHrY29ntdO.jpg
Gerard Butler,https://image.tmdb.org/t/p/original/hAKPWWvUyvcfqPcoBG45c8NRr6e.jpg
Bob Hoskins,https://image.tmdb.org/t/p/original/qOeE7bVHAsNTbP77Qk6TwrrWHZc.jpg
Christopher Lloyd,https://image.tmdb.org/t/p/original/nxVjpyb3UrfbPZnEyDNlQVlFAs5.jpg
Kathleen Turner,https://image.tmdb.org/t/p/original/fItxvQb7Jp3DnP6fXOm30zvYYaM.jpg
Errol Flynn,https://image.tmdb.org/t/p/original/x7yOzNMVCQzt7UQYy8Po3GNrR0I.jpg
Humphrey Bogart,https://image.tmdb.org/t/p/original/tj8XQNBwSlHCQyLTWpdhVm56L74.jpg
Ben Stiller,https://image.tmdb.org/t/p/original/scgpxhI05JpdNXXfmpK6z0rPOWN.jpg
Craig Bierko,https://image.tmdb.org/t/p/original/btsSJRxc0i7Xty1R0iCYOnbTuDE.jpg
Billy Connolly,https://image.tmdb.org/t/p/original/imqsEA1EPet7OvHx80VfTYfFcWf.jpg
Samantha Morton,https://image.tmdb.org/t/p/original/5DOlLIlgxKYzb4Hsm0phrGmYVIq.jpg
Richard Gere,https://image.tmdb.org/t/p/original/i7wcBNmFldh2E4QInCvmv7CPSIR.jpg
Claude Rains,https://image.tmdb.org/t/p/original/agbKGRcw65QRfMPm1aDijUL1Lqd.jpg
Michael Madsen,https://image.tmdb.org/t/p/original/69cqjkTNKI1muAfnvorfmWNVgIe.jpg
Liam Neeson,https://image.tmdb.org/t/p/original/bboldwqSC6tdw2iL6631c98l2Mn.jpg
Ewan McGregor,https://image.tmdb.org/t/p/original/qYRGu6NIqkUYIO7ftso110WNQ6P.jpg
Jake Lloyd,https://image.tmdb.org/t/p/original/tp5PRiy8Ip8Vs70pUY1jeHbk2wH.jpg
R. Lee Ermey,https://image.tmdb.org/t/p/original/aXFJlEGHlQT7bwxkKwq6Sx7PeEp.jpg
David Niven,https://image.tmdb.org/t/p/original/ioW2DU6T2HPvTdqUSaLLQmGPb38.jpg
Pauly Shore,https://image.tmdb.org/t/p/original/uI7ctTqSIlLL7nn6UqDdqqhGNVC.jpg
Alexis Dziena,https://image.tmdb.org/t/p/original/vKZ6blAnr7EXVk5rvmKJsK2jhzS.jpg
Tom Berenger,https://image.tmdb.org/t/p/original/8PSsSsFI1EpEvxifq8rPe3412iv.jpg
Ritchie Coster,https://image.tmdb.org/t/p/original/s0QLFPGEbZkyKBqpbM4upC2jMgk.jpg
Val Kilmer,https://image.tmdb.org/t/p/original/sWH9jTD0bC5gWhhceUlzfNiNup0.jpg
Lionel Barrymore,https://image.tmdb.org/t/p/original/j7UjmpRAZ7imblut0WHqjS13mmg.jpg
Clancy Brown,https://image.tmdb.org/t/p/original/9RgzFqbmWBLVfq9wvyDo5UW8VT1.jpg
Brad Pitt,https://image.tmdb.org/t/p/original/oos8Gh9L9zcadx1awXRwTMHGl7V.jpg
Frank Whaley,https://image.tmdb.org/t/p/original/fYcqfn6nQy8qO40DMBdDzWQuloq.jpg
Everett McGill,https://image.tmdb.org/t/p/original/4LMEfVrkkifznxMtrQjDINJazts.jpg
Heath Ledger,https://image.tmdb.org/t/p/original/p2z2bURSg7nuMsN9P2s61e2RvNz.jpg
Larry Miller,https://image.tmdb.org/t/p/original/ajnXlXG20LJwAwxne8G94ucVj0v.jpg
Christopher Lee,https://image.tmdb.org/t/p/original/dA26fBr3t7mKqjn3OYW6kbD1LXM.jpg
Dustin Milligan,https://image.tmdb.org/t/p/original/v1OtMBknzIUPXd0sQU6P0LA57V7.jpg
Julian McMahon,https://image.tmdb.org/t/p/original/PirhJFimrT5iK0qru4SzlwLW4G.jpg
Robin Williams,https://image.tmdb.org/t/p/original/iYdeP6K0qz44Wg2Nw9LPJGMBkQ5.jpg
Billie Whitelaw,https://image.tmdb.org/t/p/original/6KIxHQkGAmXYZRWR12eQyaccDgC.jpg
Jeff Anderson,https://image.tmdb.org/t/p/original/edwQlYwAWWHQC9um89c5CQpFYof.jpg
Brittany Murphy,https://image.tmdb.org/t/p/original/uLOrqcSk2h5o3ekNfcuGFDzN13W.jpg
Elizabeth Hurley,https://image.tmdb.org/t/p/original/m18Mx9Fj9XKA9CTDGBDUhluSuGt.jpg
Michael McShane,https://image.tmdb.org/t/p/original/xGd7WMiumvnsGttbBXVRsrhos7X.jpg
Billy Bob Thornton,https://image.tmdb.org/t/p/original/uJBFml6efjg34u2jvT5ugVa1cPI.jpg
Isabella Rossellini,https://image.tmdb.org/t/p/original/z0zojT6nwDxi35HMcXlVpBfuBAU.jpg
Arnold Schwarzenegger,https://image.tmdb.org/t/p/original/zEMhugsgXIpnQqO31GpAJYMUZZ1.jpg
Tim Curry,https://image.tmdb.org/t/p/original/8ZsGg3N3OZgxshqLOtA2kl5ckOP.jpg
Peter Hinwood,-
Ricky Nelson,https://image.tmdb.org/t/p/original/fvWAXwzWngbafC2DrCHjDPM0tfO.jpg
Jesse Metcalfe,https://image.tmdb.org/t/p/original/e2jZd4VcOolxLlASCzWCLtj2LwJ.jpg
Sophia Bush,https://image.tmdb.org/t/p/original/aYGDMKp7t7deFTTd0lxspGm4yHT.jpg
Eddie Murphy,https://image.tmdb.org/t/p/original/qgjMfefsKwSYsyCaIX46uyOXIpy.jpg
Brigitte Auber,https://image.tmdb.org/t/p/original/csqCyLNVsKzaWrbSRO9k1J2pb0t.jpg
Chris Carmack,https://image.tmdb.org/t/p/original/fuZw1ChY7SYCcYLr71N7RzoFgan.jpg
Jamie Lee Curtis,https://image.tmdb.org/t/p/original/9KWvPVeiLOXlOGl0XVyHZtJWQtx.jpg
Fran Kranz,https://image.tmdb.org/t/p/original/xIDRyMVPIbqRWck39zWxX7mrulC.jpg
Joseph Fiennes,https://image.tmdb.org/t/p/original/sg5Z7nTvEPBqDKULvGXWzJRbnrU.jpg
Bruce Boxleitner,https://image.tmdb.org/t/p/original/gBB5XKWGXFA4Y9s1mV15wTZUkSD.jpg
David Warner,https://image.tmdb.org/t/p/original/AlsZcAY2c4chfOxMW69gHQzH1B2.jpg
Natalie Portman,https://image.tmdb.org/t/p/original/edPU5HxncLWa1YkgRPNkSd68ONG.jpg
Kenneth Branagh,https://image.tmdb.org/t/p/original/AbCqqFxNi5w3nDUFdQt0DGMFh5H.jpg
Anthony Michael Hall,https://image.tmdb.org/t/p/original/nLthzoCuNxxd3KteIrnnMg1066G.jpg
Tim Robbins,https://image.tmdb.org/t/p/original/A4fHNLX73EQs78f2G6ObfKZnvp4.jpg
Seth Rogen,https://image.tmdb.org/t/p/original/2dPFskUtoiG0xafsSEGl9Oz4teA.jpg
James Franco,https://image.tmdb.org/t/p/original/pgEe68922Ba20vAwPmAFQFm8U0c.jpg
Danny McBride,https://image.tmdb.org/t/p/original/sVFPzl2t5QlGudQKWAszIWZCXZv.jpg
Amanda Righetti,https://image.tmdb.org/t/p/original/glAhErOplmToSjCf5QB8mjAnuXt.jpg
Edmund Gwenn,https://image.tmdb.org/t/p/original/mxVVPsEBOfYzal7zwFx0RM79LEq.jpg
Paul Gleason,https://image.tmdb.org/t/p/original/a7PJofFcVpDxw2wAak1d56J7L4k.jpg
Matt Damon,https://image.tmdb.org/t/p/original/At3JgvaNeEN4Z4ESKlhhes85Xo3.jpg
Clive Owen,https://image.tmdb.org/t/p/original/ed0LT4wH1rUCviCFexd4XPZVHE1.jpg
Mark Wahlberg,https://image.tmdb.org/t/p/original/bTEFpaWd7A6AZVWOqKKBWzKEUe8.jpg
Fred Savage,https://image.tmdb.org/t/p/original/ux4TBPjG2kZDUlDiKb6eBK7BBFl.jpg
Lil Dagover,https://image.tmdb.org/t/p/original/eNdCKI0PjnDapWEbTuZln7U2hCl.jpg
Robbie Gee,https://image.tmdb.org/t/p/original/mzzfbA0e4DWgxvIYjaryMolkiqm.jpg
Lennie James,https://image.tmdb.org/t/p/original/hfZrdEkBHxYYbMoGHAaVomlgMi.jpg
Vinnie Jones,https://image.tmdb.org/t/p/original/tkYWG9gY2QpoBfOh4OWNz8yQfsw.jpg
Ade,https://image.tmdb.org/t/p/original/vDLKOLFlGkoLkEbc3RlVmwnw70y.jpg
Kevin James,https://image.tmdb.org/t/p/original/dqyUARUWykoMT3eRDgy7vmQY5PG.jpg
Reese Witherspoon,https://image.tmdb.org/t/p/original/hN2PiGapyp3zxMGXSk5Tk9pOo6T.jpg
Warren Oates,https://image.tmdb.org/t/p/original/qgelB9xOkMDLf2sDQH5XfVPh29K.jpg
Bill Murray,https://image.tmdb.org/t/p/original/nnCsJc9x3ZiG3AFyiyc3FPehppy.jpg
Michael Caine,https://image.tmdb.org/t/p/original/hZruclwEPCKw3e83rnFSIH5sRFZ.jpg
Forest Whitaker,https://image.tmdb.org/t/p/original/1GbfuDitXDBmNmXEKk2rGEXiEXE.jpg
Leo Fitzpatrick,https://image.tmdb.org/t/p/original/iZG9G5DstChbwlL9mAQ727heZX.jpg
Ted Knight,https://image.tmdb.org/t/p/original/KQ1T3PD20c238GYwBQt6Ph7sFZ.jpg
Joaquin Phoenix,https://image.tmdb.org/t/p/original/6Am3gD4CVdU7x8WBVNwN4KKAM0V.jpg
Ron Perlman,https://image.tmdb.org/t/p/original/9riPBfsWpzEzh2y9ucxTW22iakI.jpg
Bruce Campbell,https://image.tmdb.org/t/p/original/p9335ljr7luOWsfwZSOlsIzFJKE.jpg
Nick Frost,https://image.tmdb.org/t/p/original/2CHS4t6miNGLgMQAjhFqb4fFuKS.jpg
Kevin Peter Hall,https://image.tmdb.org/t/p/original/bg8ohLqgj1v9XzY927PfYNAu9nk.jpg
Daniel Craig,https://image.tmdb.org/t/p/original/iFerDZUmC5Fu26i4qI8xnUVEHc7.jpg
Elias Koteas,https://image.tmdb.org/t/p/original/gQpHrmTP9ylOsw8O4xKiuZHC7oo.jpg
Rick Rossovich,https://image.tmdb.org/t/p/original/uShNdPWbDHMejpMxuoNsqaaDbuc.jpg
Kristy Swanson,https://image.tmdb.org/t/p/original/8gPVElKDCBllmfIP0pjZL9zISKv.jpg
Chris Sarandon,https://image.tmdb.org/t/p/original/jP92Lq3JHl8mbdxzcZ6PyCQDwa5.jpg
Mandy Patinkin,https://image.tmdb.org/t/p/original/ykKV39t79fm6I88m8CjZFu0oBDU.jpg
André the Giant,https://image.tmdb.org/t/p/original/wJPL8WVrzOWhkH6gCQkqGsXBdWG.jpg
Nick Nolte,https://image.tmdb.org/t/p/original/jpYzFBi6zfn8CHVaXmqgiOTas4V.jpg
Greg Kinnear,https://image.tmdb.org/t/p/original/fweC1tDqEWuMQK6OHcJLnmGBf5.jpg
Joe Pesci,https://image.tmdb.org/t/p/original/4AO0Rwdg2ky8Usmgzgj0dvhy7Zw.jpg
Ben Kingsley,https://image.tmdb.org/t/p/original/vQtBqpF2HDdzbfXHDzR4u37i1Ac.jpg
Bette Davis,https://image.tmdb.org/t/p/original/uBRNCljWHEG9cW9em2ZyoGWQQN5.jpg
Kevin Gage,https://image.tmdb.org/t/p/original/nTaDLkN1RAhPGaM0AO1CFysnwUl.jpg
John Howard,https://image.tmdb.org/t/p/original/oWtp0JXgzPuylb10PA9OOUmFKle.jpg
Aidan Gillen,https://image.tmdb.org/t/p/original/ju5ho6nnwOQ2QLGLnDP9yOZhGpb.jpg
Bruce Greenwood,https://image.tmdb.org/t/p/original/rVpyddWneBBYYzYhMRmWoHMg3Hg.jpg
Junjie Qin,https://image.tmdb.org/t/p/original/q50b2VpJaO5LOM4U7qxLwcj99fM.jpg
Peter Finch,https://image.tmdb.org/t/p/original/eNPZn3KylhsSlRTkgr8Kg50yZiC.jpg
Jason Lee,https://image.tmdb.org/t/p/original/3VLXHK2OVUzYkEVZliiaxT9lX0J.jpg
Samuel L. Jackson,https://image.tmdb.org/t/p/original/nCJJ3NVksYNxIzEHcyC1XziwPVj.jpg
Guy Pearce,https://image.tmdb.org/t/p/original/vTqk6Nh3WgqPubkS23eOlMAwmwa.jpg
Laurence Olivier,https://image.tmdb.org/t/p/original/kziWbtgEJB0dFZA6kPyzoaYEyQ5.jpg
Ray Milland,https://image.tmdb.org/t/p/original/nqZGSLa9jS92hYlmkacFXxYwB2Y.jpg
Robert Downey Jr.,https://image.tmdb.org/t/p/original/im9SAqJPZKEbVZGmjXuLI4O7RvM.jpg
Richard Roxburgh,https://image.tmdb.org/t/p/original/de1XpxnOuW4v4fFWFEjmBqmHaRf.jpg
Margarita Levieva,https://image.tmdb.org/t/p/original/7rSf7C5oKuvjgEBfe2GVv064Le.jpg
Leonardo DiCaprio,https://image.tmdb.org/t/p/original/wo2hJpn04vbtmh0B9utCFdsQhxM.jpg
Tom Hardy,https://image.tmdb.org/t/p/original/d81K0RH8UX7tZj49tZaQhZ9ewH.jpg
David Wenham,https://image.tmdb.org/t/p/original/F7CWSqUE75HtrcdqIQ7UMZ9aTX.jpg
John Travolta,https://image.tmdb.org/t/p/original/ap8eEYfBKTLixmVVpRlq4NslDD5.jpg
Ed Helms,https://image.tmdb.org/t/p/original/gPZ8tZaNQGAc3KZRIPp9rgGbEnN.jpg
Christopher Eccleston,https://image.tmdb.org/t/p/original/eZKYy6lxKFiO89TdKk3sX4gi9tD.jpg
Chris Klein,https://image.tmdb.org/t/p/original/56kCtPVfvjm5IRPa2GyaQHTPIOy.jpg
David Cross,https://image.tmdb.org/t/p/original/psU22y9yP3uheVc4LWeHjLkeqEM.jpg
William H. Macy,https://image.tmdb.org/t/p/original/r8L4rJlEZXKo91nJjoMXaMHHt0P.jpg
Peter Stormare,https://image.tmdb.org/t/p/original/5muzSVt66Qxc8KuVbq0phZIN9tj.jpg
Kevin Zegers,https://image.tmdb.org/t/p/original/zRjasG4NXxKbe6e1c4enivAvfcH.jpg
Mel Gibson,https://image.tmdb.org/t/p/original/jnqHMaOslt8cef2atSmOpGRvNla.jpg
Jeremy Jordan,https://image.tmdb.org/t/p/original/idYjWWH7LbXFxQlqJes0DWbztpf.jpg
Jason Statham,https://image.tmdb.org/t/p/original/whNwkEQYWLFJA8ij0WyOOAD5xhQ.jpg
Dakota Fanning,https://image.tmdb.org/t/p/original/qr2sSNRenUiRrUONZQZhVNorbOz.jpg
Patricia Hayes,https://image.tmdb.org/t/p/original/6XFwNMFX81TJOvY5k5V0rUANQL.jpg
Alex Karras,https://image.tmdb.org/t/p/original/hLnBrpfcRIi4wXazuVsmiMPNdfS.jpg
Gene Wilder,https://image.tmdb.org/t/p/original/mwwOSWS2m8ArpiUKnoxVVyT8fND.jpg
Jack Palance,https://image.tmdb.org/t/p/original/sRr2YPa1IElRE1vG1PQcgLrS9om.jpg
Mr. T,https://image.tmdb.org/t/p/original/oblysKmIpP7fg5iW5P212s8LGAg.jpg
Rutger Hauer,https://image.tmdb.org/t/p/original/45kp2fmVWloddrz7LF94MmT4tWf.jpg
Nicholas Bell,https://image.tmdb.org/t/p/original/u6wGCSowG03IkZiXEFO8ecYXiZv.jpg
Ricardo Montalbán,https://image.tmdb.org/t/p/original/lL4I7U0j6Jc31XNohM86FN6D23I.jpg
Kirsten Dunst,https://image.tmdb.org/t/p/original/sFYHUU1gWd57pttD8732tkBsXV5.jpg
Gloria Swanson,https://image.tmdb.org/t/p/original/akmlp75ESHjtGOVtOCfJYxkX4eo.jpg
Mary Elizabeth Mastrantonio,https://image.tmdb.org/t/p/original/vbZ1E557K5oj34xLHR5ErO8wPCi.jpg
Lance Fenton,https://image.tmdb.org/t/p/original/gsiMtMyjsq1s0tyqtFCQRhxOUmS.jpg
Linda Hamilton,https://image.tmdb.org/t/p/original/7FNn9Z5xkRS9EFbGL2tpmpph9xV.jpg
Jeffrey Tambor,https://image.tmdb.org/t/p/original/e4IkxsEo5O4oUWrIpXlEhWa6lqB.jpg
Lee Van Cleef,https://image.tmdb.org/t/p/original/yQc5wjNCdRZzPp5E2wRPRYsEq9a.jpg
James Earl Jones,https://image.tmdb.org/t/p/original/oqMPIsXrl9SZkRfIKN08eFROmH6.jpg
Frank Oz,https://image.tmdb.org/t/p/original/mb2JbT8s6LIgaxj6QTph0NW1pmI.jpg
Paul Newman,https://image.tmdb.org/t/p/original/bP2fByqNR7BorsUNuD6nSm0u2vJ.jpg
Robert Redford,https://image.tmdb.org/t/p/original/hNiy78lk26xTE6tjisSCowcOVw0.jpg
Robert Shaw,https://image.tmdb.org/t/p/original/yREsJFk92mVEagAIO6IJra0LqUq.jpg
Horst Buchholz,https://image.tmdb.org/t/p/original/9V38Di9T0qsjKBl2dR7sZMN1N0i.jpg
Stephen Chow,https://image.tmdb.org/t/p/original/j5DWs54BGZfp92G43c9OyHPvkNG.jpg
Michael Clarke Duncan,https://image.tmdb.org/t/p/original/3RX8OBqt3gbvFwKYZqiom4O3Ta6.jpg
Peter Sarsgaard,https://image.tmdb.org/t/p/original/jOc4VjxPaOkWOqnLCxd8BJy9g5i.jpg
Shih Kien,-
Martin Lawrence,https://image.tmdb.org/t/p/original/15Ck85zfgWkmSMfNYLkE9JLTP7s.jpg
Ryan Reynolds,https://image.tmdb.org/t/p/original/4SYTH5FdB0dAORV98Nwg3llgVnY.jpg
Sean Penn,https://image.tmdb.org/t/p/original/9glqNTVpFpdN1nFklKaHPUyCwR6.jpg
Peter Facinelli,https://image.tmdb.org/t/p/original/dedS4MpictN0kjQsPjjZSQwZoee.jpg
Christine Taylor,https://image.tmdb.org/t/p/original/6t1WZUPoIWjBDrH1JPCUM8b58cG.jpg
The Rock,https://image.tmdb.org/t/p/original/kWXI2xbMFwthOFKFpzQcHApLeAJ.jpg
Pierce Brosnan,https://image.tmdb.org/t/p/original/mciqKRUdKFGF8CUEMiimcA1sdDN.jpg
Rick Moranis,https://image.tmdb.org/t/p/original/nCIh203hALUsQW44x3dzpjSA4yf.jpg
Omri Katz,https://image.tmdb.org/t/p/original/wY3NxTyXhzJ8BkmBZcQuSE7WtoC.jpg
Richard White,https://image.tmdb.org/t/p/original/ffrXvosdpVWd00neXUyposGNViF.jpg
Peter Cullen,https://image.tmdb.org/t/p/original/9Snf4fBUkk5MrAjqtNtgZRJYJbj.jpg
Norman Lloyd,https://image.tmdb.org/t/p/original/5TZyfvFsENVTGLFBgxGntQSITP5.jpg
Steve Guttenberg,https://image.tmdb.org/t/p/original/bdOuq7U6QqRT5VcuXT08tAIsnfs.jpg
Teresa Palmer,https://image.tmdb.org/t/p/original/sjSiLSCp9LS1Z0nyGpmquTBuUyr.jpg
Busy Philipps,https://image.tmdb.org/t/p/original/7UUe7IgetfpyhNSSpoyaC9iWF7C.jpg
Zachary Levi,https://image.tmdb.org/t/p/original/1W8L3kEMMPF9umT3ZGaNIiCYKfZ.jpg
Patrick Bergin,https://image.tmdb.org/t/p/original/mxFum2Fr5YWD6kDQYb5u7EEvuva.jpg
Ryan O'Neal,https://image.tmdb.org/t/p/original/ubPqhPWcEywLPuV4abXl2JhkWun.jpg
Jack Black,https://image.tmdb.org/t/p/original/rtCx0fiYxJVhzXXdwZE2XRTfIKE.jpg
Mike White,https://image.tmdb.org/t/p/original/eJpW9GKmWh0W7enmjjZQ8MIEzoI.jpg
John Hurt,https://image.tmdb.org/t/p/original/wGDGhBOggA8I2ktgc1QoHABEF0m.jpg
Schuyler Fisk,https://image.tmdb.org/t/p/original/5nQajFEGYNH8IeVhbWMKdF4lxu8.jpg
Laura San Giacomo,https://image.tmdb.org/t/p/original/xOPY9e0HN6zYmI5HrmRSbwygEzy.jpg
Colin Firth,https://image.tmdb.org/t/p/original/4VBeYEUQbfhnivdkqInM36u5fda.jpg
Peter O'Toole,https://image.tmdb.org/t/p/original/7HzyrEuRVPpjmyJTeiU5oILd3Cn.jpg
